RES_ID,RES_NAME,GPCRdb,BW,CHAIN
1,M,N-Ter,N-Ter,N-Ter
2,S,N-Ter,N-Ter,N-Ter
3,S,N-Ter,N-Ter,N-Ter
4,C,N-Ter,N-Ter,N-Ter
5,N,N-Ter,N-Ter,N-Ter
6,F,N-Ter,N-Ter,N-Ter
7,T,N-Ter,N-Ter,N-Ter
8,H,N-Ter,N-Ter,N-Ter
9,A,N-Ter,N-Ter,N-Ter
10,T,N-Ter,N-Ter,N-Ter
11,F,N-Ter,N-Ter,N-Ter
12,V,N-Ter,N-Ter,N-Ter
13,L,N-Ter,N-Ter,N-Ter
14,I,N-Ter,N-Ter,N-Ter
15,G,N-Ter,N-Ter,N-Ter
16,I,N-Ter,N-Ter,N-Ter
17,P,N-Ter,N-Ter,N-Ter
18,G,N-Ter,N-Ter,N-Ter
19,L,N-Ter,N-Ter,N-Ter
20,E,N-Ter,N-Ter,N-Ter
21,K,N-Ter,N-Ter,N-Ter
22,A,N-Ter,N-Ter,N-Ter
23,H,1x32,1.32,TM1
24,F,1x33,1.33,TM1
25,W,1x34,1.34,TM1
26,V,1x35,1.35,TM1
27,G,1x36,1.36,TM1
28,F,1x37,1.37,TM1
29,P,1x38,1.38,TM1
30,L,1x39,1.39,TM1
31,L,1x40,1.40,TM1
32,S,1x41,1.41,TM1
33,M,1x42,1.42,TM1
34,Y,1x43,1.43,TM1
35,V,1x44,1.44,TM1
36,V,1x45,1.45,TM1
37,A,1x46,1.46,TM1
38,M,1x47,1.47,TM1
39,F,1x48,1.48,TM1
40,G,1x49,1.49,TM1
41,N,1x50,1.50,TM1
42,C,1x51,1.51,TM1
43,I,1x52,1.52,TM1
44,V,1x53,1.53,TM1
45,V,1x54,1.54,TM1
46,F,1x55,1.55,TM1
47,I,1x56,1.56,TM1
48,V,1x57,1.57,TM1
49,R,1x58,1.58,TM1
50,T,1x59,1.59,TM1
51,E,-,-,ICL1
52,R,12x48,12.48,ICL1
53,S,12x49,12.49,ICL1
54,L,12x50,12.50,ICL1
55,H,12x51,12.51,ICL1
56,A,2x37,2.37,TM2
57,P,2x38,2.38,TM2
58,M,2x39,2.39,TM2
59,Y,2x40,2.40,TM2
60,L,2x41,2.41,TM2
61,F,2x42,2.42,TM2
62,L,2x43,2.43,TM2
63,C,2x44,2.44,TM2
64,M,2x45,2.45,TM2
65,L,2x46,2.46,TM2
66,A,2x47,2.47,TM2
67,A,2x48,2.48,TM2
68,I,2x49,2.49,TM2
69,D,2x50,2.50,TM2
70,L,2x51,2.51,TM2
71,A,2x52,2.52,TM2
72,L,2x53,2.53,TM2
73,S,2x54,2.54,TM2
74,T,2x55,2.55,TM2
75,S,2x551,2.56,TM2
76,T,2x56,2.57,TM2
77,M,2x57,2.58,TM2
78,P,2x58,2.59,TM2
79,K,2x59,2.60,TM2
80,I,2x60,2.61,TM2
81,L,2x61,2.62,TM2
82,A,2x62,2.63,TM2
83,L,2x63,2.64,TM2
84,F,2x64,2.65,TM2
85,W,2x65,2.66,TM2
86,F,2x66,2.67,TM2
87,D,2x67,2.68,TM2
88,S,23x49,23.49,ECL1
89,R,23x50,23.50,ECL1
90,E,23x51,23.51,ECL1
91,I,23x52,23.52,ECL1
92,S,3x21,3.21,TM3
93,F,3x22,3.22,TM3
94,E,3x23,3.23,TM3
95,A,3x24,3.24,TM3
96,C,3x25,3.25,TM3
97,L,3x26,3.26,TM3
98,T,3x27,3.27,TM3
99,Q,3x28,3.28,TM3
100,M,3x29,3.29,TM3
101,F,3x30,3.30,TM3
102,F,3x31,3.31,TM3
103,I,3x32,3.32,TM3
104,H,3x33,3.33,TM3
105,A,3x34,3.34,TM3
106,L,3x35,3.35,TM3
107,S,3x36,3.36,TM3
108,A,3x37,3.37,TM3
109,I,3x38,3.38,TM3
110,E,3x39,3.39,TM3
111,S,3x40,3.40,TM3
112,T,3x41,3.41,TM3
113,I,3x42,3.42,TM3
114,L,3x43,3.43,TM3
115,L,3x44,3.44,TM3
116,A,3x45,3.45,TM3
117,M,3x46,3.46,TM3
118,A,3x47,3.47,TM3
119,F,3x48,3.48,TM3
120,D,3x49,3.49,TM3
121,R,3x50,3.50,TM3
122,Y,3x51,3.51,TM3
123,V,3x52,3.52,TM3
124,A,3x53,3.53,TM3
125,I,3x54,3.54,TM3
126,C,3x55,3.55,TM3
127,H,3x56,3.56,TM3
128,P,34x50,34.50,ICL2
129,L,34x51,34.51,ICL2
130,R,34x52,34.52,ICL2
131,H,34x53,34.53,ICL2
132,A,34x54,34.54,ICL2
133,A,34x55,34.55,ICL2
134,V,34x56,34.56,ICL2
135,L,34x57,34.57,ICL2
136,N,4x38,4.38,TM4
137,N,4x39,4.39,TM4
138,T,4x40,4.40,TM4
139,V,4x41,4.41,TM4
140,T,4x42,4.42,TM4
141,A,4x43,4.43,TM4
142,Q,4x44,4.44,TM4
143,I,4x45,4.45,TM4
144,G,4x46,4.46,TM4
145,I,4x47,4.47,TM4
146,V,4x48,4.48,TM4
147,A,4x49,4.49,TM4
148,V,4x50,4.50,TM4
149,V,4x51,4.51,TM4
150,R,4x52,4.52,TM4
151,G,4x53,4.53,TM4
152,S,4x54,4.54,TM4
153,L,4x55,4.55,TM4
154,F,4x56,4.56,TM4
155,F,4x57,4.57,TM4
156,F,4x58,4.58,TM4
157,P,4x59,4.59,TM4
158,L,4x60,4.60,TM4
159,P,4x61,4.61,TM4
160,L,4x62,4.62,TM4
161,L,4x63,4.63,TM4
162,I,4x64,4.64,TM4
163,K,4x65,4.65,TM4
164,R,45x36,45.36,ECL2
165,L,45x37,45.37,ECL2
166,A,45x38,45.38,ECL2
167,F,45x39,45.39,ECL2
168,C,45x40,45.40,ECL2
169,H,45x41,45.41,ECL2
170,S,45x42,45.42,ECL2
171,N,45x43,45.43,ECL2
172,V,45x44,45.44,ECL2
173,L,45x45,45.45,ECL2
174,S,45x46,45.46,ECL2
175,H,45x47,45.47,ECL2
176,S,45x48,45.48,ECL2
177,Y,45x49,45.49,ECL2
178,C,45x50,45.50,ECL2
179,V,45x51,45.51,ECL2
180,H,45x52,45.52,ECL2
181,Q,45x53,45.53,ECL2
182,D,45x54,45.54,ECL2
183,V,45x55,45.55,ECL2
184,M,45x56,45.56,ECL2
185,K,45x57,45.57,ECL2
186,L,45x58,45.58,ECL2
187,A,45x59,45.59,ECL2
188,Y,45x60,45.60,ECL2
189,A,45x61,45.61,ECL2
190,D,ECL2,-,ECL2
191,T,5x32,5.32,TM5
192,L,5x33,5.33,TM5
193,P,5x34,5.34,TM5
194,N,5x35,5.35,TM5
195,V,5x36,5.36,TM5
196,V,5x37,5.37,TM5
197,Y,5x38,5.38,TM5
198,G,5x39,5.39,TM5
199,L,5x40,5.40,TM5
200,T,5x41,5.41,TM5
201,A,5x42,5.42,TM5
202,I,5x43,5.43,TM5
203,L,5x44,5.44,TM5
204,L,5x45,5.45,TM5
205,V,5x46,5.46,TM5
206,M,5x47,5.47,TM5
207,G,5x48,5.48,TM5
208,V,5x49,5.49,TM5
209,D,5x50,5.50,TM5
210,V,5x51,5.51,TM5
211,M,5x52,5.52,TM5
212,F,5x53,5.53,TM5
213,I,5x54,5.54,TM5
214,S,5x55,5.55,TM5
215,L,5x56,5.56,TM5
216,S,5x57,5.57,TM5
217,Y,5x58,5.58,TM5
218,F,5x59,5.59,TM5
219,L,5x60,5.60,TM5
220,I,5x61,5.61,TM5
221,I,5x62,5.62,TM5
222,R,5x63,5.63,TM5
223,T,5x64,5.64,TM5
224,V,5x65,5.65,TM5
225,L,5x66,5.66,TM5
226,Q,-,-,ICL3
227,L,-,-,ICL3
228,P,-,-,ICL3
229,S,6x26,6.26,TM6
230,K,6x27,6.27,TM6
231,S,6x28,6.28,TM6
232,E,6x29,6.29,TM6
233,R,6x30,6.30,TM6
234,A,6x31,6.31,TM6
235,K,6x32,6.32,TM6
236,A,6x33,6.33,TM6
237,F,6x34,6.34,TM6
238,G,6x35,6.35,TM6
239,T,6x36,6.36,TM6
240,C,6x37,6.37,TM6
241,V,6x38,6.38,TM6
242,S,6x39,6.39,TM6
243,H,6x40,6.40,TM6
244,I,6x41,6.41,TM6
245,G,6x42,6.42,TM6
246,V,6x43,6.43,TM6
247,V,6x44,6.44,TM6
248,L,6x45,6.45,TM6
249,A,6x46,6.46,TM6
250,F,6x47,6.47,TM6
251,Y,6x48,6.48,TM6
252,V,6x49,6.49,TM6
253,P,6x50,6.50,TM6
254,L,6x51,6.51,TM6
255,I,6x52,6.52,TM6
256,G,6x53,6.53,TM6
257,L,6x54,6.54,TM6
258,S,6x55,6.55,TM6
259,V,6x56,6.56,TM6
260,V,6x57,6.57,TM6
261,H,6x58,6.58,TM6
262,R,6x59,6.59,TM6
263,F,6x60,6.60,TM6
264,G,6x61,6.61,TM6
265,N,-,-,ECL3
266,S,-,-,ECL3
267,L,-,-,ECL3
268,H,-,-,ECL3
269,P,-,-,ECL3
270,I,7x31,7.32,TM7
271,V,7x32,7.33,TM7
272,R,7x33,7.34,TM7
273,V,7x34,7.35,TM7
274,V,7x35,7.36,TM7
275,M,7x36,7.37,TM7
276,G,7x37,7.38,TM7
277,D,7x38,7.39,TM7
278,I,7x39,7.40,TM7
279,Y,7x40,7.41,TM7
280,L,7x41,7.42,TM7
281,L,7x42,7.43,TM7
282,L,7x43,7.44,TM7
283,P,7x45,7.45,TM7
284,P,7x46,7.46,TM7
285,V,7x47,7.47,TM7
286,I,7x48,7.48,TM7
287,N,7x49,7.49,TM7
288,P,7x50,7.50,TM7
289,I,7x51,7.51,TM7
290,I,7x52,7.52,TM7
291,Y,7x53,7.53,TM7
292,G,7x54,7.54,TM7
293,A,7x55,7.55,TM7
294,K,7x56,7.56,TM7
295,T,8x47,8.47,H8
296,K,8x48,8.48,H8
297,Q,8x49,8.49,H8
298,I,8x50,8.50,H8
299,R,8x51,8.51,H8
300,T,8x52,8.52,H8
301,R,8x53,8.53,H8
302,V,8x54,8.54,H8
303,L,8x55,8.55,H8
304,A,8x56,8.56,H8
305,M,8x57,8.57,H8
306,F,8x58,8.58,H8
307,K,8x59,8.59,H8
308,I,8x60,8.60,H8
309,S,C-Ter,C-Ter,C-Ter
310,C,C-Ter,C-Ter,C-Ter
311,D,C-Ter,C-Ter,C-Ter
312,K,C-Ter,C-Ter,C-Ter
313,D,C-Ter,C-Ter,C-Ter
314,L,C-Ter,C-Ter,C-Ter
315,Q,C-Ter,C-Ter,C-Ter
316,A,C-Ter,C-Ter,C-Ter
317,V,C-Ter,C-Ter,C-Ter
318,G,C-Ter,C-Ter,C-Ter
319,G,C-Ter,C-Ter,C-Ter
320,K,C-Ter,C-Ter,C-Ter
